{
  "loki_neutral": {
    "lx": 0.48148148148148145,
    "ly": 0.49583333333333335,
    "rx": 0.5592592592592592,
    "ry": 0.4895833333333333
  },
  "loki_gasping": {
    "lx": 0.48148148148148145,
    "ly": 0.4708333333333333,
    "rx": 0.5444444444444444,
    "ry": 0.46458333333333335
  },
  "loki_sly": {
    "lx": 0.4888888888888889,
    "ly": 0.49166666666666664,
    "rx": 0.562962962962963,
    "ry": 0.4895833333333333
  },
  "loki_thinking": {
    "lx": 0.4925925925925926,
    "ly": 0.39375,
    "rx": 0.5555555555555556,
    "ry": 0.39375
  },
  "loki_pensive": {
    "lx": 0.5185185185185185,
    "ly": 0.4666666666666667,
    "rx": 0.6,
    "ry": 0.4708333333333333
  },
  "loki_tired": {
    "lx": 0.4925925925925926,
    "ly": 0.4895833333333333,
    "rx": 0.5666666666666667,
    "ry": 0.4895833333333333
  },
  "loki_worried": {
    "lx": 0.5925925925925926,
    "ly": 0.47708333333333336,
    "rx": 0.6703703703703704,
    "ry": 0.47708333333333336
  },
  "loki_joy": {
    "lx": 0.4666666666666667,
    "ly": 0.4708333333333333,
    "rx": 0.5481481481481482,
    "ry": 0.46875
  },
  "loki_gentle": {
    "lx": 0.48518518518518516,
    "ly": 0.4791666666666667,
    "rx": 0.562962962962963,
    "ry": 0.47708333333333336
  },
  "loki_smiling": {
    "lx": 0.5148148148148148,
    "ly": 0.47291666666666665,
    "rx": 0.6,
    "ry": 0.46875
  },
  "loki_peaceful": {
    "lx": 0.562962962962963,
    "ly": 0.48125,
    "rx": 0.6222222222222222,
    "ry": 0.48125
  },
  "loki_sleeping": {
    "lx": 0.5,
    "ly": 0.49583333333333335,
    "rx": 0.5777777777777777,
    "ry": 0.49166666666666664
  },
  "loki_beaming": {
    "lx": 0.4888888888888889,
    "ly": 0.4791666666666667,
    "rx": 0.5740740740740741,
    "ry": 0.47708333333333336
  },
  "loki_gleeful": {
    "lx": 0.4925925925925926,
    "ly": 0.43333333333333335,
    "rx": 0.5740740740740741,
    "ry": 0.42916666666666664
  },
  "loki_overjoyed": {
    "lx": 0.4888888888888889,
    "ly": 0.48333333333333334,
    "rx": 0.5703703703703704,
    "ry": 0.48125
  },
  "loki_laughing": {
    "lx": 0.4925925925925926,
    "ly": 0.45625,
    "rx": 0.562962962962963,
    "ry": 0.45625
  },
  "loki_proud": {
    "lx": 0.5481481481481482,
    "ly": 0.48125,
    "rx": 0.6148148148148148,
    "ry": 0.48125
  },
  "loki_mischievous": {
    "lx": 0.4888888888888889,
    "ly": 0.5020833333333333,
    "rx": 0.5666666666666667,
    "ry": 0.49583333333333335
  },
  "loki_concerned": {
    "lx": 0.5148148148148148,
    "ly": 0.48125,
    "rx": 0.5925925925925926,
    "ry": 0.48333333333333334
  },
  "loki_pouty": {
    "lx": 0.5,
    "ly": 0.49375,
    "rx": 0.562962962962963,
    "ry": 0.49166666666666664
  },
  "loki_grumpy": {
    "lx": 0.4925925925925926,
    "ly": 0.4979166666666667,
    "rx": 0.5740740740740741,
    "ry": 0.49166666666666664
  },
  "loki_angry": {
    "lx": 0.5,
    "ly": 0.4625,
    "rx": 0.5777777777777777,
    "ry": 0.4583333333333333
  },
  "loki_distressed": {
    "lx": 0.5148148148148148,
    "ly": 0.49375,
    "rx": 0.5925925925925926,
    "ry": 0.49166666666666664
  },
  "loki_surprised": {
    "lx": 0.48518518518518516,
    "ly": 0.47708333333333336,
    "rx": 0.5703703703703704,
    "ry": 0.4708333333333333
  },
  "loki_flushed": {
    "lx": 0.5,
    "ly": 0.4979166666666667,
    "rx": 0.5703703703703704,
    "ry": 0.49375
  },
  "loki_with_pucky2": {
    "lx": 0.5259259259259259,
    "ly": 0.2375,
    "rx": 0.562962962962963,
    "ry": 0.23541666666666666
  },
  "loki_with_baby": {
    "lx": 0.4740740740740741,
    "ly": 0.22291666666666668,
    "rx": 0.5037037037037037,
    "ry": 0.22083333333333333
  },
  "loki_with_apple": {
    "lx": 0.5037037037037037,
    "ly": 0.4375,
    "rx": 0.5666666666666667,
    "ry": 0.4354166666666667
  },
  "loki_eating_apple": {
    "lx": 0.48518518518518516,
    "ly": 0.47708333333333336,
    "rx": 0.5592592592592592,
    "ry": 0.475
  },
  "loki_eating_sandwich": {
    "lx": 0.5148148148148148,
    "ly": 0.44166666666666665,
    "rx": 0.5814814814814815,
    "ry": 0.44375
  },
  "loki_drinking": {
    "lx": 0.48518518518518516,
    "ly": 0.4666666666666667,
    "rx": 0.5592592592592592,
    "ry": 0.4625
  },
  "loki_icecream": {
    "lx": 0.5,
    "ly": 0.475,
    "rx": 0.5814814814814815,
    "ry": 0.475
  },
  "loki_pierced": {
    "lx": 0.4888888888888889,
    "ly": 0.49583333333333335,
    "rx": 0.562962962962963,
    "ry": 0.49375
  },
  "loki_speaking": {
    "lx": 0.4925925925925926,
    "ly": 0.49166666666666664,
    "rx": 0.5703703703703704,
    "ry": 0.48333333333333334
  },
  "loki_studying": {
    "lx": 0.4925925925925926,
    "ly": 0.2875,
    "rx": 0.5259259259259259,
    "ry": 0.28541666666666665
  },
  "loki_writing": {
    "lx": 0.5592592592592592,
    "ly": 0.325,
    "rx": 0.5962962962962963,
    "ry": 0.3333333333333333
  },
  "loki_working": {
    "lx": 0.4925925925925926,
    "ly": 0.28958333333333336,
    "rx": 0.5259259259259259,
    "ry": 0.2875
  },
  "loki_open": {
    "lx": 0.4962962962962963,
    "ly": 0.48333333333333334,
    "rx": 0.562962962962963,
    "ry": 0.47708333333333336
  }
}