{
  "loki_neutral": {
    "lx": 0.48148148148148145,
    "ly": 0.46875,
    "rx": 0.5481481481481482,
    "ry": 0.4625
  },
  "loki_gasping": {
    "lx": 0.48148148148148145,
    "ly": 0.4708333333333333,
    "rx": 0.5444444444444444,
    "ry": 0.46458333333333335
  },
  "loki_sly": {
    "lx": 0.4888888888888889,
    "ly": 0.49166666666666664,
    "rx": 0.562962962962963,
    "ry": 0.4895833333333333
  },
  "loki_thinking": {
    "lx": 0.4925925925925926,
    "ly": 0.39375,
    "rx": 0.5555555555555556,
    "ry": 0.39375
  },
  "loki_pensive": {
    "lx": 0.5185185185185185,
    "ly": 0.4666666666666667,
    "rx": 0.6,
    "ry": 0.4708333333333333
  },
  "loki_tired": {
    "lx": 0.4925925925925926,
    "ly": 0.4895833333333333,
    "rx": 0.5666666666666667,
    "ry": 0.4895833333333333
  },
  "loki_worried": {
    "lx": 0.5925925925925926,
    "ly": 0.47708333333333336,
    "rx": 0.6703703703703704,
    "ry": 0.47708333333333336
  },
  "loki_joy": {
    "lx": 0.4666666666666667,
    "ly": 0.4708333333333333,
    "rx": 0.5481481481481482,
    "ry": 0.46875
  }
}