{
  "loki_neutral": {
    "lx": 0.48148148148148145,
    "ly": 0.46875,
    "rx": 0.5481481481481482,
    "ry": 0.4625
  },
  "loki_gasping": {
    "lx": 0.48148148148148145,
    "ly": 0.4708333333333333,
    "rx": 0.5444444444444444,
    "ry": 0.46458333333333335
  }
}